{
  "project_info": {
    "project_number": "646387180448",
    "firebase_url": "https://hostelfinder-8c017-default-rtdb.firebaseio.com",
    "project_id": "hostelfinder-8c017",
    "storage_bucket": "hostelfinder-8c017.appspot.com"
  },
  "client": [
    {
      "client_info": {
        "mobilesdk_app_id": "1:646387180448:android:2f5d3bfa5ef23f26b0fac5",
        "android_client_info": {
          "package_name": "com.example.hostelfinder"
        }
      },
      "oauth_client": [],
      "api_key": [
        {
          "current_key": "AIzaSyDEEa1HXMh7j5WC45czZdcblofs5c_A6-4"
        }
      ],
      "services": {
        "appinvite_service": {
          "other_platform_oauth_client": []
        }
      }
    }
  ],
  "configuration_version": "1"
}