{"flutter":{"platforms":{"android":{"default":{"projectId":"fir-926e3","appId":"1:590911637894:android:45ed172cef59fee51ec407","fileOutput":"android/app/google-services.json"}},"dart":{"lib/firebase_options.dart":{"projectId":"fir-926e3","configurations":{"android":"1:590911637894:android:45ed172cef59fee51ec407","ios":"1:590911637894:ios:4bb42cff48ac44a91ec407","macos":"1:590911637894:ios:4bb42cff48ac44a91ec407","web":"1:590911637894:web:415461bc808880e21ec407","windows":"1:590911637894:web:1989746970e5084f1ec407"}}}}}}